ID,GioiTinh,KhuVuc,ThuNhap,FIT1,FIT2,FIT3,FIT4,CAR1,CAR2,CAR3,CAR4,REP1,REP2,REP3,REP4,COS1,COS2,COS3,COS4,SOC1,SOC2,SOC3,SOC4,COM1,COM2,COM3,COM4,LOC1,LOC2,LOC3,LOC4,DEC1,DEC2,DEC3,DEC4
1,1,0,1,4,4,5,4,3,3,4,4,5,4,4,5,4,4,4,3,3,4,4,4,4,4,4,3,3,4,3,3,4,5,4,4
2,1,0,1,5,5,5,5,4,5,4,5,4,3,4,3,4,4,3,4,3,4,3,4,5,3,4,3,3,4,4,3,3,3,4,4
3,1,0,1,4,3,3,4,4,5,5,4,4,4,5,5,3,4,3,3,4,4,4,3,5,4,4,5,4,3,4,4,4,4,4,3
4,1,0,1,4,4,4,4,4,4,4,3,4,4,4,4,4,3,4,3,3,4,4,3,5,5,4,5,3,4,3,3,3,3,4,3
5,1,0,1,4,4,4,4,3,3,3,4,5,5,4,4,3,4,4,3,4,3,4,3,3,3,3,3,4,4,3,4,4,4,4,3
6,1,0,1,4,4,4,4,4,4,3,3,3,3,3,4,4,3,4,3,2,2,2,2,4,3,4,5,3,3,3,3,3,3,3,3
7,1,0,1,4,5,5,4,4,4,4,4,4,4,4,5,3,3,3,3,4,3,3,4,5,4,5,5,4,4,4,4,4,4,4,4
8,1,0,1,5,4,4,4,4,3,3,4,3,3,3,3,4,4,4,4,2,3,3,3,3,3,4,4,4,4,4,4,4,4,4,4
9,1,0,1,4,3,4,4,4,4,5,5,5,5,5,4,3,3,4,3,3,4,3,3,3,4,4,4,4,3,4,5,4,4,4,4
10,1,0,1,4,4,4,4,4,4,4,4,4,3,3,4,4,4,4,3,3,4,3,4,4,4,4,4,4,4,4,4,4,4,4,4
11,1,0,1,4,4,3,4,4,3,4,4,4,4,4,5,4,4,3,4,4,4,4,4,3,4,4,4,3,4,4,3,4,4,3,4
12,1,0,1,4,4,5,5,5,5,4,4,3,3,3,4,4,5,4,4,4,3,5,3,3,3,3,3,4,4,4,4,4,4,4,4
13,1,0,1,4,4,5,4,4,4,4,4,4,5,3,5,4,4,3,4,3,4,3,3,4,4,4,4,4,4,5,4,5,4,4,4
14,1,0,1,5,4,5,5,4,5,4,4,4,3,4,4,4,4,5,5,3,3,4,4,3,4,2,2,4,3,3,4,5,5,5,5
15,1,0,1,4,4,4,4,5,5,5,5,4,3,4,4,4,4,4,3,3,3,3,4,4,4,4,4,4,5,5,4,4,4,4,4
16,1,0,1,5,5,5,5,4,4,5,4,3,4,4,4,3,3,2,3,4,4,4,3,4,4,4,4,4,4,4,5,4,5,4,4
17,1,0,1,4,5,4,4,4,4,4,4,3,4,3,3,4,3,3,4,3,2,3,3,4,4,4,4,4,4,4,4,4,3,4,4
18,1,0,1,3,5,4,5,4,5,5,4,4,4,4,5,4,4,4,4,3,4,3,3,4,4,5,5,3,4,3,2,3,4,3,4
19,1,0,1,5,5,5,5,4,3,4,4,4,4,4,4,4,3,4,4,3,4,4,4,4,4,4,4,4,5,4,4,4,4,4,4
20,1,0,1,5,5,4,4,3,4,3,3,4,4,4,4,4,4,3,3,4,4,4,4,3,3,4,4,3,4,4,3,4,4,5,5
21,1,0,1,3,3,3,3,5,5,5,5,4,5,3,5,4,4,5,4,2,2,3,2,3,4,4,3,5,5,4,4,4,4,4,3
22,1,0,1,5,5,5,5,4,4,4,5,5,4,4,5,4,5,4,5,5,4,4,4,4,5,5,5,4,3,4,4,5,5,4,5
23,1,0,1,4,4,4,5,5,5,4,4,5,5,5,5,3,4,3,4,4,4,3,4,3,5,4,4,3,3,3,3,4,4,4,4
24,1,0,1,4,4,4,4,5,5,5,5,3,3,3,3,4,4,3,3,4,5,4,4,4,4,4,4,4,4,4,4,4,4,3,3
25,1,0,1,4,5,4,4,4,4,4,4,4,4,4,4,4,3,3,4,2,3,3,2,4,4,4,4,4,3,4,5,3,3,4,4
26,1,0,1,5,4,5,5,4,4,4,4,5,4,5,4,3,3,4,3,3,4,3,3,2,3,3,2,4,4,4,4,4,4,4,4
27,1,0,1,4,4,4,4,5,5,4,4,4,4,4,4,3,3,3,3,3,3,4,4,4,4,4,3,5,4,4,4,4,4,4,4
28,1,0,1,3,3,3,3,4,3,5,4,4,4,4,5,3,2,3,3,3,3,3,3,4,3,4,4,3,3,3,3,3,4,3,4
29,1,0,1,3,4,4,4,5,4,5,4,4,5,4,4,3,4,4,3,4,3,4,4,4,4,4,4,4,4,3,3,4,4,4,4
30,1,0,1,4,4,4,4,5,5,5,5,3,4,4,3,5,5,5,4,3,4,3,4,3,4,3,3,2,3,3,3,5,4,4,4
31,1,0,1,4,4,4,4,4,4,5,4,4,5,5,4,4,4,4,4,3,4,3,4,4,4,4,4,4,4,3,4,5,5,5,5
32,1,0,1,4,5,4,4,4,5,5,4,5,5,5,5,4,4,5,5,3,3,3,3,4,4,4,4,4,4,4,4,5,4,4,5
33,1,0,1,5,5,4,4,3,4,2,3,4,3,3,4,4,5,5,4,3,3,3,3,3,3,3,3,3,4,4,4,3,4,4,3
34,1,0,1,3,4,3,3,3,4,3,3,4,4,4,4,4,4,4,3,3,4,3,3,4,3,3,3,4,4,4,5,3,4,4,4
35,1,0,1,5,5,5,4,4,5,5,5,5,4,4,4,3,3,3,3,3,3,3,3,5,4,4,4,4,3,4,4,4,5,4,4
36,1,0,1,5,4,5,5,5,4,5,5,4,4,3,4,4,4,4,4,3,4,4,4,3,3,3,4,4,3,3,3,4,4,3,4
37,1,0,1,4,4,4,4,5,4,5,5,4,3,3,4,5,4,3,3,4,4,4,4,4,4,4,4,4,4,3,4,4,4,4,4
38,1,0,1,3,4,4,4,5,4,4,4,4,4,5,4,4,4,4,4,4,3,4,4,3,4,4,3,4,4,4,4,4,3,3,4
39,1,0,1,5,4,3,3,5,4,4,5,3,4,4,3,3,3,3,3,3,3,3,3,4,4,4,5,3,3,4,4,4,4,4,3
40,1,0,1,5,4,5,4,5,5,5,5,4,5,5,5,3,4,3,3,3,4,3,3,3,3,3,3,4,4,4,4,5,5,4,4
41,1,0,1,3,3,4,4,4,4,4,4,4,4,4,4,4,4,3,3,4,4,4,4,3,3,3,4,3,3,3,4,4,4,3,4
42,1,0,1,3,4,3,3,4,5,5,4,4,4,3,4,4,4,4,4,4,4,3,4,3,3,3,4,3,3,4,3,4,4,4,4
43,1,0,1,4,4,4,4,5,4,5,4,4,4,3,3,4,4,3,3,4,3,4,4,4,4,5,4,4,4,4,4,5,4,4,5
44,1,0,1,5,4,4,5,5,4,4,5,4,4,4,4,4,4,4,4,2,3,3,3,4,4,4,3,4,4,4,4,5,4,3,4
45,1,0,1,4,4,4,4,5,5,5,4,3,4,4,3,3,3,4,4,4,4,3,3,3,3,3,3,3,3,3,4,4,3,4,3
46,1,0,1,4,4,3,4,4,4,5,4,5,4,4,4,4,3,4,4,3,4,3,4,4,4,4,3,4,4,4,4,4,3,3,4
47,1,0,1,4,4,3,4,4,4,4,4,5,4,4,3,3,3,3,4,4,4,4,4,5,4,5,4,4,4,4,4,5,4,4,5
48,1,0,1,3,4,4,3,5,5,5,5,4,3,4,3,5,5,4,5,3,4,4,4,4,3,4,4,5,4,4,4,4,3,3,3
49,1,0,1,4,4,4,4,5,5,5,5,4,4,5,4,3,2,3,3,4,4,4,4,4,5,5,4,3,4,5,4,4,5,4,4
50,1,0,1,4,4,4,4,4,5,4,4,3,5,4,5,3,3,3,3,4,5,5,5,4,4,4,3,4,4,3,4,4,3,3,4
51,1,0,1,4,3,4,3,4,5,5,5,4,5,5,4,3,3,3,4,3,4,4,3,5,4,5,4,3,3,4,2,4,4,5,5
52,1,0,1,4,4,4,3,5,4,5,4,4,4,3,3,4,5,4,4,4,3,3,4,4,4,4,4,4,4,3,5,3,3,4,4
53,1,0,1,4,4,5,4,4,3,3,3,5,4,4,4,3,3,3,4,4,4,3,4,4,4,3,5,5,4,4,4,4,4,4,5
54,1,0,1,4,4,4,4,4,4,5,4,4,4,3,4,3,3,3,3,4,4,4,5,4,4,5,3,5,3,4,4,4,4,4,4
55,1,0,1,4,4,4,3,4,4,5,4,3,4,5,4,5,4,4,4,4,4,4,3,2,3,3,3,4,4,3,4,4,4,4,4
56,1,0,1,4,4,4,4,4,4,4,3,4,3,4,3,3,3,3,3,3,3,2,3,4,3,3,4,4,4,5,4,3,3,3,3
57,1,0,1,5,5,4,4,5,4,4,4,5,5,4,4,5,4,4,4,5,4,4,4,4,4,4,4,4,3,3,4,4,4,4,4
58,1,0,1,4,3,4,4,3,4,3,4,4,4,4,4,4,4,5,4,4,4,4,4,5,4,4,4,4,4,4,5,4,4,4,4
59,1,0,1,5,4,3,4,5,4,4,4,2,3,3,4,4,3,4,5,3,3,3,3,3,4,4,3,4,4,4,4,3,3,4,3
60,1,0,1,4,4,4,3,4,4,4,5,4,5,4,5,4,4,5,4,4,5,3,4,5,4,5,5,4,4,4,4,4,5,5,3
61,1,0,1,4,5,4,4,5,5,4,4,5,4,5,5,4,4,4,4,3,3,3,4,4,3,4,4,4,4,4,4,4,4,4,4
62,1,0,1,4,4,4,5,4,4,4,4,5,5,5,5,3,3,4,4,3,4,3,4,3,3,4,4,5,5,5,4,4,4,4,4
63,1,0,1,4,3,4,3,4,4,4,4,3,3,3,4,3,3,3,3,3,3,3,3,3,4,3,4,3,3,3,3,3,4,4,4
64,1,0,1,5,5,5,5,5,5,4,4,3,4,4,3,3,5,3,3,3,4,4,4,4,4,3,3,4,4,4,3,4,4,4,4
65,1,0,1,4,4,4,4,5,5,5,4,4,4,4,4,3,3,2,3,3,3,4,2,5,4,3,4,4,4,4,4,4,3,3,4
66,1,0,1,3,4,3,3,4,4,4,3,4,4,4,4,4,5,3,4,4,3,4,4,3,4,3,3,5,4,4,4,3,4,4,3
67,1,0,1,4,5,4,5,5,4,5,4,4,4,5,5,3,3,3,4,3,3,4,3,4,3,3,4,3,3,4,4,3,3,4,3
68,1,0,1,4,4,5,4,5,4,4,5,3,3,4,4,3,3,3,3,4,4,3,3,4,3,4,4,4,4,3,4,5,4,3,4
69,1,0,1,4,4,4,5,5,5,4,4,5,4,5,4,4,4,4,4,3,3,3,4,4,3,4,4,5,4,4,4,3,4,4,3
70,1,0,1,4,4,4,4,3,5,4,4,3,4,3,3,3,4,3,4,3,3,4,4,3,3,4,4,4,4,4,4,4,4,3,4
71,1,0,1,4,5,5,5,5,4,5,5,4,3,4,3,4,4,4,4,4,4,4,4,3,3,3,3,4,4,4,3,4,4,4,4
72,1,0,1,4,4,3,3,5,5,5,5,3,4,3,4,4,3,3,4,4,3,3,4,4,4,4,4,5,5,5,4,4,4,4,4
73,1,0,1,3,4,4,3,5,4,4,4,3,4,3,4,4,4,4,4,3,4,4,4,4,4,4,4,3,3,3,3,4,3,4,4
74,1,0,1,4,4,5,5,4,4,4,4,5,5,5,5,4,4,5,5,4,3,3,3,3,3,3,3,3,2,3,2,4,4,4,3
75,1,0,1,4,3,5,4,3,4,4,5,5,5,5,5,3,3,3,3,2,3,2,2,5,5,5,3,4,4,4,3,4,4,4,4
76,1,0,1,4,4,4,4,4,4,4,5,4,3,3,3,4,4,3,3,4,3,3,4,3,4,4,4,4,3,5,5,4,4,4,4
77,1,0,1,4,4,4,5,4,5,4,4,5,5,5,5,5,5,4,4,3,4,3,4,3,4,3,4,3,3,3,4,4,4,3,4
78,1,0,1,5,5,5,5,4,5,4,4,5,4,4,5,3,4,4,4,3,3,4,3,4,4,4,4,5,4,5,4,5,5,5,5
79,1,0,1,3,4,4,4,4,4,4,4,4,4,4,4,4,3,4,4,3,3,3,3,4,3,3,5,3,4,3,3,4,4,4,3
80,1,0,1,4,3,4,3,4,4,4,4,4,3,3,3,4,3,4,3,4,5,4,4,5,4,4,5,4,4,4,5,4,3,3,4
81,1,0,1,3,3,3,3,4,4,4,5,3,4,4,3,4,4,4,4,4,4,4,4,3,5,4,4,3,4,3,5,3,3,4,4
82,1,0,1,5,4,4,4,4,3,4,3,3,4,4,4,3,4,5,4,4,4,4,4,4,4,3,4,4,4,4,3,4,5,4,4
83,1,0,1,4,4,4,4,5,5,5,5,4,4,4,4,3,3,3,3,5,4,5,5,5,5,5,4,3,3,3,3,5,3,5,4
84,1,0,1,4,5,5,5,5,4,4,4,5,4,4,4,4,4,3,4,3,3,4,3,3,3,3,3,4,4,4,4,5,5,4,3
85,1,0,1,5,4,4,4,4,4,5,4,4,3,4,4,3,3,3,3,3,3,3,4,5,3,4,4,4,4,4,4,3,4,4,4
86,1,0,1,5,5,5,5,4,4,4,4,4,5,5,4,4,4,4,4,3,3,3,3,3,3,4,3,3,3,2,3,4,5,4,4
87,1,0,1,3,4,3,3,4,4,4,4,3,3,4,3,4,5,5,4,3,4,4,4,4,5,4,4,3,3,3,3,4,3,3,3
88,1,0,1,4,4,4,4,4,4,4,4,5,4,4,4,3,4,3,3,2,2,3,4,4,4,4,3,4,4,4,4,4,4,3,4
89,1,0,1,4,5,3,4,5,5,5,5,4,4,5,4,4,4,4,4,3,3,2,2,3,4,4,4,4,4,2,4,3,4,3,4
90,1,0,1,4,4,3,3,4,5,4,4,4,4,4,4,4,4,4,4,5,4,5,4,3,3,3,4,5,4,5,4,3,3,3,4
91,1,0,1,4,4,3,4,3,3,3,3,4,4,4,5,4,4,3,3,4,4,3,4,3,3,3,4,3,4,3,4,4,4,3,4
92,1,0,1,4,4,4,4,5,5,5,5,4,3,5,4,3,4,3,3,3,4,4,4,4,4,4,3,4,3,3,3,4,4,5,5
93,1,0,1,4,4,4,4,5,5,5,4,4,4,4,4,4,3,3,4,3,4,4,3,3,3,3,3,4,4,4,4,4,4,5,4
94,1,0,1,5,3,4,4,4,4,4,4,4,4,4,5,2,3,3,2,4,3,4,3,5,4,5,5,4,4,4,4,4,4,4,3
95,1,0,1,4,4,5,3,5,4,4,4,4,4,4,3,4,3,4,3,4,4,3,4,5,4,4,4,3,3,3,4,4,4,3,4
96,1,0,1,5,4,4,4,4,4,4,5,5,4,4,5,3,4,4,4,3,3,3,3,3,3,2,2,3,4,3,4,5,5,4,5
97,1,0,1,4,3,3,4,5,5,5,5,3,3,3,3,3,4,3,3,3,4,4,4,4,4,4,4,3,3,3,4,4,3,4,4
98,1,0,1,5,5,4,5,4,4,5,5,5,5,5,5,3,4,3,4,5,4,4,4,4,4,4,4,4,3,4,5,3,4,3,4
99,1,0,1,5,4,5,5,5,5,5,4,4,4,4,4,3,4,3,4,4,4,4,4,4,5,4,4,4,4,3,3,5,4,4,5
100,1,0,1,4,4,4,4,4,5,4,5,4,3,4,4,3,3,4,2,3,3,3,4,4,4,4,4,4,3,4,3,4,5,4,4
101,1,0,1,5,5,4,5,3,3,3,4,4,4,4,5,3,3,4,4,3,2,3,3,5,5,5,5,4,4,4,4,3,3,4,4
102,1,0,1,3,3,3,5,4,4,4,4,5,5,4,5,4,4,4,5,3,2,2,3,3,3,3,3,5,4,4,5,4,4,5,5
103,1,0,1,5,4,4,5,3,3,4,4,4,4,4,4,4,4,4,3,5,5,4,5,4,4,5,4,5,5,5,4,4,5,5,4
104,1,0,1,4,4,4,4,5,5,5,5,5,3,4,3,3,4,5,4,4,4,4,3,4,3,2,3,4,3,3,3,4,3,4,3
105,1,0,1,5,4,4,5,3,4,3,4,4,3,2,3,3,4,4,3,4,3,3,3,4,4,5,5,3,3,2,4,4,3,4,3
106,1,0,1,5,4,4,4,4,4,4,3,3,3,3,4,4,4,4,4,5,4,4,4,3,3,4,4,3,4,3,3,4,4,4,4
107,1,0,1,3,4,3,4,4,4,5,4,4,5,4,3,5,4,4,4,4,3,3,4,4,5,4,5,4,4,4,4,3,4,4,4
108,1,0,1,4,5,5,5,5,4,5,3,3,3,3,3,4,4,4,4,4,4,4,4,3,4,4,4,4,4,4,5,5,5,4,5
109,1,0,1,4,3,3,3,4,4,4,4,5,5,5,5,3,4,4,4,3,4,4,4,4,4,4,4,4,4,4,4,4,5,5,4
110,1,0,1,4,4,4,5,4,4,3,3,4,4,4,4,4,5,4,4,4,3,4,4,3,4,4,4,4,4,4,4,4,4,4,4
111,1,0,1,4,4,3,4,4,4,4,5,4,4,4,4,4,3,4,5,3,3,3,3,4,4,4,4,5,4,4,5,4,4,5,3
112,1,0,1,4,4,5,4,4,5,5,4,4,4,4,4,4,3,3,4,3,3,2,4,4,4,3,4,3,3,4,4,4,4,3,4
113,1,0,1,4,4,4,4,4,5,5,4,5,5,5,5,3,4,3,4,3,4,4,4,3,2,2,3,4,5,4,4,4,4,4,4
114,1,0,1,5,5,5,4,5,5,4,4,4,4,4,4,4,4,4,3,3,3,4,3,5,3,4,4,3,3,4,4,5,5,5,4
115,1,0,1,4,4,4,3,5,4,5,4,5,5,5,5,4,4,3,4,4,4,4,3,4,4,5,4,5,5,5,5,4,4,4,4
116,1,0,1,4,4,4,4,4,5,5,5,4,3,4,4,2,2,4,3,5,4,3,2,3,3,4,4,2,3,3,4,3,3,4,3
117,1,0,1,4,4,4,4,5,4,4,5,3,4,3,4,4,3,4,3,3,3,4,4,3,3,4,4,3,3,3,4,3,4,3,4
118,1,0,1,5,5,5,5,4,3,4,4,5,4,5,4,5,4,5,5,4,4,3,4,3,4,4,5,4,3,3,4,5,4,5,4
119,1,0,1,4,4,3,4,4,5,5,5,5,5,5,5,5,5,4,4,4,4,4,4,3,3,3,2,4,4,4,3,4,4,4,4
120,1,0,1,4,4,4,4,5,4,4,4,4,3,3,4,3,3,4,4,4,4,4,4,2,2,3,2,3,4,4,3,4,3,3,3
121,1,0,1,3,4,4,4,4,4,4,4,5,5,5,5,3,4,4,5,3,3,3,3,3,3,4,3,3,3,3,3,4,4,4,4
122,1,0,1,4,4,4,4,3,4,4,5,3,5,4,4,4,4,4,4,3,4,3,4,4,5,5,4,4,3,4,4,4,4,4,4
123,1,0,1,3,4,3,4,4,4,4,4,3,3,3,3,4,4,4,4,4,4,3,4,3,3,3,3,4,4,4,4,4,4,4,4
124,1,0,1,4,4,4,4,4,5,5,4,4,5,4,4,4,4,4,3,3,3,4,4,4,4,3,3,4,3,5,5,4,4,4,4
125,1,0,1,4,3,3,3,5,5,4,4,3,4,4,3,4,3,4,4,5,4,4,4,4,4,4,4,4,4,5,4,4,4,4,4
126,1,0,1,4,4,5,4,4,4,3,3,3,3,3,4,4,3,3,3,4,4,4,4,4,4,4,3,5,4,4,3,4,4,4,4
127,1,0,1,4,5,4,4,4,3,3,4,4,4,4,4,5,5,4,4,3,3,4,4,3,4,4,3,4,5,4,4,5,5,4,5
128,1,0,1,4,4,4,4,5,5,4,5,3,3,4,3,5,4,4,4,3,3,2,3,3,3,4,3,3,3,4,3,4,4,3,4
129,1,0,1,5,4,5,5,5,4,5,5,4,4,4,3,4,4,4,3,4,5,4,4,4,2,3,3,3,4,4,4,4,5,4,5
130,1,0,1,5,5,5,5,5,4,4,4,3,3,3,2,4,4,3,3,3,4,4,4,4,4,4,4,3,3,4,3,4,5,4,5
131,1,0,1,3,5,3,3,4,4,3,4,3,3,3,4,4,4,3,3,4,4,4,4,5,4,5,4,3,4,4,4,5,4,3,4
132,1,0,1,3,3,4,4,4,5,4,5,5,4,5,4,4,4,4,4,3,4,4,4,5,4,5,5,4,4,4,4,4,4,4,4
133,1,0,1,4,4,4,4,3,3,3,3,5,4,4,4,5,4,4,3,4,4,4,4,5,4,3,4,3,4,4,5,3,3,3,3
134,1,0,1,5,5,5,5,5,4,5,5,5,5,5,4,4,4,4,4,3,3,3,4,3,3,3,3,4,4,4,4,4,4,4,4
135,1,0,1,4,5,5,4,5,5,5,4,3,4,5,4,4,4,4,4,4,3,3,4,2,4,4,3,4,4,5,4,5,5,4,5
136,1,0,1,5,5,4,5,4,3,5,4,3,4,4,4,4,4,4,4,4,3,3,3,3,3,4,2,4,4,4,4,4,4,4,5
137,1,0,1,5,4,4,5,4,4,4,3,5,3,4,3,4,3,3,3,3,3,3,3,4,5,4,4,4,4,4,4,3,4,3,4
138,1,0,1,4,4,4,3,5,4,4,4,5,4,5,5,5,4,4,5,3,3,4,4,3,4,3,2,4,4,5,4,4,5,5,5
139,1,0,1,4,3,4,4,4,4,4,3,5,5,4,4,3,5,3,3,5,5,4,4,4,3,3,3,4,4,5,5,4,4,4,5
140,1,0,1,5,5,5,5,4,4,4,4,5,5,5,4,4,4,3,3,4,3,4,4,5,4,4,4,4,3,4,3,4,4,4,4
141,1,0,1,3,3,3,3,5,5,5,5,4,4,4,5,3,3,3,4,4,4,3,4,3,4,3,4,4,3,4,3,3,3,3,3
142,1,0,1,4,3,4,3,4,3,4,4,3,3,3,3,3,3,3,4,4,4,4,3,3,4,4,4,3,4,4,4,4,4,3,4
143,1,0,1,4,4,3,4,4,5,4,5,3,4,4,5,3,3,3,4,3,3,4,4,4,4,3,4,3,2,3,2,3,3,4,3
144,1,0,1,4,4,5,4,4,4,5,4,3,3,3,3,4,4,5,4,4,5,4,4,3,4,3,3,5,5,5,5,4,4,3,4
145,1,0,1,4,3,4,3,4,5,4,4,3,4,3,3,3,4,4,3,4,4,4,4,3,4,4,3,2,3,2,2,4,2,3,3
146,1,0,1,4,5,4,4,3,4,3,3,5,4,4,5,4,3,3,4,4,3,4,5,3,3,3,4,4,3,4,4,5,4,4,4
147,1,0,1,5,4,4,5,5,5,4,4,5,4,5,5,3,4,4,5,4,3,3,5,3,3,3,3,4,4,4,4,5,5,5,4
148,1,0,1,3,4,4,3,5,5,5,5,4,3,4,3,4,4,4,4,4,3,4,3,5,4,4,4,5,4,4,4,4,4,4,4
149,1,0,1,3,4,3,4,5,5,5,5,3,3,3,3,4,4,4,4,4,4,4,4,4,4,4,5,3,3,3,3,4,4,4,4
150,1,0,1,3,3,4,4,4,3,4,4,4,4,3,4,4,4,4,4,3,4,4,4,5,5,5,5,4,4,4,4,4,5,4,4
151,1,0,1,3,3,3,3,3,3,3,3,4,5,4,4,3,3,3,3,4,4,4,4,5,4,5,5,4,4,3,4,3,3,3,4
152,1,0,1,4,4,3,5,4,4,3,3,4,4,4,4,4,4,5,4,3,3,4,3,4,3,4,4,4,4,4,4,3,4,3,3
153,1,0,1,4,4,5,5,4,3,3,3,5,3,4,4,3,5,4,4,4,4,4,4,4,4,4,4,4,4,4,3,4,4,4,4
154,1,0,1,3,4,3,4,4,3,4,3,5,5,5,5,1,2,2,2,4,4,5,5,4,4,4,4,3,5,3,4,4,4,4,4
155,1,0,1,5,5,5,4,4,3,4,4,4,4,4,4,3,4,5,4,4,3,4,4,4,4,4,5,4,3,3,3,4,4,4,4
156,1,0,1,4,4,5,4,3,4,3,4,4,4,4,4,4,4,3,3,3,3,3,4,4,4,3,3,4,4,4,3,4,4,4,4
157,1,0,1,4,5,4,4,3,3,4,4,5,5,4,4,3,4,4,4,3,4,3,4,5,5,5,5,4,4,3,4,5,4,4,4
158,1,0,1,3,3,3,3,5,4,4,4,4,5,5,4,4,3,4,4,3,5,5,5,4,4,5,5,3,3,3,3,4,5,4,5
159,1,0,1,5,3,4,4,3,4,3,4,3,4,4,2,3,3,3,4,4,5,4,5,4,3,4,3,4,4,3,4,5,4,4,4
160,1,0,1,5,4,5,5,5,4,5,4,3,5,4,5,3,3,3,3,4,3,4,3,4,3,3,4,3,2,3,3,4,4,5,4
161,1,0,1,4,4,3,4,4,5,5,5,3,3,4,3,4,4,3,4,3,4,4,3,4,4,4,4,4,3,3,4,4,3,4,4
162,1,0,1,4,4,5,4,4,4,4,4,3,4,3,4,4,4,4,4,3,4,4,3,4,4,3,3,3,3,4,3,4,4,4,4
163,1,0,1,4,3,4,3,4,4,5,5,5,5,5,5,4,4,4,3,4,4,3,5,3,4,3,3,4,4,4,4,5,4,4,4
164,1,0,1,5,5,5,5,5,5,5,5,3,4,3,4,3,4,3,3,5,4,4,4,5,3,4,4,4,3,4,4,4,4,4,4
165,1,0,1,4,4,5,4,5,4,4,5,4,2,3,3,3,3,3,3,3,3,3,4,3,4,3,4,3,3,3,3,4,4,4,4
166,1,0,1,4,4,4,4,4,4,4,4,4,3,4,3,5,5,5,4,4,3,3,3,3,4,3,3,4,4,4,4,3,4,4,4
167,1,0,1,4,4,4,4,4,4,4,4,4,3,4,3,4,4,4,4,5,4,4,3,5,4,4,4,3,3,3,3,4,4,4,4
168,1,0,1,4,4,4,4,5,5,4,4,5,5,4,4,4,4,4,4,4,4,4,5,4,4,4,4,3,3,4,4,5,4,5,4
169,1,0,1,4,4,5,5,4,5,4,4,4,3,4,4,5,5,4,4,5,5,5,5,4,4,4,4,3,3,3,4,5,5,4,5
170,1,0,1,3,4,4,3,3,4,4,5,4,5,5,5,4,3,4,4,4,4,4,3,4,4,5,3,5,5,4,3,4,4,4,4
171,1,0,1,3,3,2,3,5,4,4,5,4,4,4,5,2,3,4,3,4,4,3,3,3,4,3,4,3,3,3,3,4,4,4,4
172,1,0,1,4,4,4,4,4,4,4,4,4,5,4,5,3,4,4,4,4,3,4,4,4,3,3,3,3,3,4,3,3,4,4,3
173,1,0,1,5,5,4,4,4,4,4,4,4,4,4,4,3,4,4,3,4,3,3,4,4,4,4,4,4,4,5,4,4,3,3,4
174,1,0,1,5,4,3,3,4,4,3,4,5,4,4,3,4,4,4,3,5,5,4,5,4,3,4,4,4,3,4,4,4,4,4,4
175,1,0,1,5,4,4,5,5,5,4,4,4,4,4,4,3,4,5,4,4,4,3,4,3,3,3,4,3,4,4,3,5,4,4,4
176,1,0,1,3,3,4,4,4,4,4,4,4,3,4,4,4,4,4,4,3,3,3,3,3,3,3,3,2,3,3,4,4,4,3,3
177,1,0,1,5,5,5,5,3,3,4,3,5,5,5,4,4,4,4,3,5,4,4,4,4,4,4,4,3,4,4,3,5,4,4,5
178,1,0,1,4,4,4,3,4,5,4,5,5,4,5,5,3,4,3,3,4,3,3,4,4,3,2,3,3,4,4,4,4,3,3,3
179,1,0,1,4,5,5,4,5,5,4,5,3,3,3,3,4,4,4,3,3,2,4,4,4,4,4,3,5,5,5,5,5,5,5,5
180,1,0,1,4,2,3,4,4,4,4,5,4,4,4,4,4,3,4,4,3,3,3,4,4,3,4,3,2,3,3,4,4,3,5,5
181,1,0,1,4,3,5,4,3,4,4,3,3,3,5,4,4,4,3,4,4,4,4,5,3,3,3,3,5,5,5,5,4,4,4,4
182,1,0,1,3,4,3,3,5,4,4,5,3,4,4,4,3,3,3,3,4,4,4,3,5,4,4,4,4,5,4,4,4,3,4,5
183,1,0,1,5,5,5,4,4,4,5,4,4,4,4,4,4,3,3,4,4,4,4,5,5,4,5,4,5,4,4,4,4,5,4,5
184,1,0,1,4,4,4,4,4,5,4,4,4,4,4,4,4,5,4,5,4,4,3,4,4,4,4,3,3,3,3,4,3,4,3,5
185,1,0,1,4,3,3,4,4,5,4,5,4,4,3,4,4,3,4,4,4,3,3,5,4,4,4,3,4,3,4,4,4,4,4,4
186,1,0,1,4,4,3,4,4,4,4,4,3,2,3,4,3,2,4,3,3,4,4,4,4,4,4,4,3,4,4,3,4,3,3,4
187,1,0,1,4,3,4,4,4,4,4,4,3,2,3,3,3,3,3,4,4,4,4,4,4,3,4,4,4,3,4,3,4,3,4,4
188,1,0,1,3,4,3,4,4,3,5,3,4,3,3,3,5,5,4,4,4,4,2,3,4,4,3,4,3,4,3,3,4,4,3,3
189,1,0,1,4,4,3,4,4,5,5,5,3,3,3,3,4,4,4,4,4,5,3,4,4,3,3,3,4,4,3,4,3,3,4,4
190,1,0,1,4,4,4,3,5,4,4,5,3,2,4,3,4,4,5,4,2,3,3,2,3,3,3,4,4,4,3,5,4,4,4,4
191,1,0,1,3,4,3,3,4,4,4,4,4,4,4,4,4,4,4,4,3,3,4,4,1,2,2,2,3,4,4,5,2,2,4,4
192,1,0,1,4,4,4,4,5,5,5,5,3,4,4,4,5,4,5,4,4,3,4,4,4,4,4,4,4,4,4,3,5,4,5,4
193,1,0,1,3,4,4,5,4,5,5,5,4,5,4,5,3,4,4,4,2,3,2,3,4,3,4,4,2,3,2,3,3,3,2,2
194,1,0,1,4,4,4,4,4,4,4,4,3,3,4,4,3,3,4,3,3,3,3,3,4,4,3,4,3,4,3,3,3,4,5,4
195,1,0,1,4,4,4,5,5,5,5,5,4,3,3,4,4,4,4,4,3,4,3,3,4,4,4,4,3,4,4,4,3,4,3,4
196,1,0,1,4,4,4,4,4,5,5,4,3,3,3,3,5,5,5,5,3,3,2,3,4,3,4,4,4,5,5,4,3,4,4,4
197,1,0,2,5,4,4,4,5,5,4,4,4,5,5,5,3,3,2,3,3,3,4,3,4,5,4,4,4,3,4,3,4,4,3,4
198,1,0,2,5,5,5,4,5,5,5,5,4,4,4,3,5,5,5,4,4,4,5,5,5,4,3,4,4,4,4,4,5,4,5,4
199,1,0,2,4,4,4,3,4,4,4,4,3,3,4,3,5,5,4,4,4,4,4,4,3,3,2,3,4,4,4,4,4,4,4,4
200,1,0,2,5,4,4,4,3,4,5,4,4,3,4,4,4,4,4,5,4,4,4,3,4,4,3,4,4,4,4,5,4,4,3,4
201,1,0,2,4,4,5,4,4,4,4,5,5,3,3,4,5,5,4,5,4,5,4,4,4,4,5,3,4,4,4,3,5,4,5,5
202,1,0,2,4,4,5,5,5,3,4,4,4,4,3,4,4,4,4,4,4,3,3,4,4,4,4,4,3,4,3,3,4,4,4,4
203,1,0,2,4,5,4,5,4,5,5,4,4,4,3,3,3,3,3,4,4,5,5,5,4,4,4,3,3,3,3,3,4,4,5,4
204,1,0,2,5,4,4,5,4,4,4,4,4,3,3,4,5,4,4,4,3,4,4,3,3,4,3,4,5,3,4,4,4,4,4,4
205,1,0,2,4,4,4,4,4,4,5,5,5,4,4,5,4,4,4,4,3,3,3,3,4,4,4,5,5,4,4,4,4,4,4,4
206,1,1,2,3,4,4,3,5,4,5,5,4,4,4,4,4,3,3,3,4,3,5,5,3,4,5,4,4,4,3,3,3,3,3,4
207,1,1,2,4,3,4,4,5,4,5,4,4,3,4,4,4,4,4,4,3,5,3,4,4,3,3,4,4,3,3,3,4,4,4,5
208,1,1,2,4,4,4,5,5,4,4,4,5,5,4,4,3,2,4,3,5,5,5,5,4,4,4,4,3,3,3,4,4,4,4,5
209,1,1,2,4,4,4,4,5,5,4,5,5,5,4,4,4,3,3,3,4,4,4,4,4,3,3,3,4,5,4,4,4,4,4,4
210,1,1,2,5,5,5,5,5,4,5,5,4,5,4,4,3,4,3,4,5,4,3,5,4,4,4,5,4,4,3,4,5,5,5,5
211,1,1,2,4,4,4,3,5,4,5,5,4,4,4,4,3,4,4,3,3,4,5,4,4,3,3,4,3,4,4,4,4,5,4,4
212,1,1,2,3,5,4,4,4,4,4,5,5,4,4,5,4,5,5,4,3,3,3,3,4,3,4,3,4,3,4,4,4,4,4,4
213,1,1,2,4,5,5,4,4,5,4,4,4,4,4,4,3,2,3,3,3,3,3,2,4,3,4,4,3,4,4,3,4,4,4,4
214,1,1,2,4,3,3,3,3,3,4,4,4,4,4,4,4,4,4,3,5,4,5,5,3,3,2,3,4,4,3,3,4,3,4,3
215,1,1,2,4,4,4,4,5,5,5,5,3,4,4,5,3,3,3,3,3,4,3,3,4,3,4,4,3,3,4,3,4,5,4,5
216,1,1,2,3,4,3,3,5,5,5,5,4,3,4,4,4,4,4,4,4,5,5,5,3,4,4,4,4,5,5,5,4,4,4,4
217,1,1,2,5,4,5,5,5,5,4,4,3,4,4,4,4,3,3,4,3,4,4,4,2,3,3,2,3,4,3,4,4,3,4,4
218,1,1,2,4,4,4,4,5,5,4,5,4,3,3,4,4,4,4,3,4,4,4,3,3,3,3,4,4,3,4,4,5,4,4,4
219,2,1,2,4,4,5,5,5,5,5,4,4,4,3,4,3,2,3,3,5,3,3,4,3,3,4,3,3,3,3,3,4,3,4,4
220,2,1,2,4,4,3,3,4,3,4,3,3,2,3,2,4,4,3,3,3,3,4,3,4,4,4,4,4,3,4,4,4,3,4,3
221,2,1,2,5,5,4,5,4,3,4,5,3,3,4,2,5,4,4,5,3,3,3,3,4,5,5,5,4,3,3,3,5,4,5,5
222,2,1,2,3,4,4,4,4,4,4,4,4,4,4,4,3,4,4,4,4,4,4,4,4,3,4,4,4,4,5,5,4,4,4,4
223,2,1,2,5,4,5,5,3,4,4,4,5,4,4,5,3,3,3,3,3,2,2,3,5,4,4,4,4,4,3,4,3,3,4,4
224,2,1,2,5,3,4,4,5,3,4,4,4,5,4,4,4,4,3,3,4,4,4,4,4,4,5,4,5,5,5,4,4,4,4,4
225,2,1,2,5,4,5,4,4,4,3,4,3,4,3,3,5,4,4,4,3,4,4,4,3,4,3,4,4,3,3,4,4,4,4,3
226,2,1,2,5,5,5,5,5,4,4,5,4,4,5,5,4,4,4,5,3,4,4,4,3,3,3,3,5,4,4,4,4,4,4,5
227,2,1,2,3,3,3,3,4,5,4,5,3,4,4,4,4,3,4,4,4,4,3,4,5,5,4,4,4,4,4,3,4,4,3,4
228,2,1,2,5,4,4,4,5,5,5,5,4,4,3,4,4,4,4,3,3,3,3,4,2,4,2,3,3,3,4,3,3,4,4,4
229,2,1,2,4,4,3,3,4,4,5,5,5,5,5,4,4,4,4,4,3,3,2,2,3,3,3,3,5,5,5,5,4,4,4,4
230,2,1,2,2,3,2,2,3,3,4,3,4,4,5,4,4,4,3,3,3,3,3,2,4,3,3,4,3,3,3,4,3,2,3,3
231,2,1,2,4,5,4,5,5,5,5,5,4,4,4,4,3,3,3,3,4,4,4,4,3,4,4,4,3,3,4,3,4,4,5,5
232,2,1,2,4,5,5,5,4,4,4,3,5,4,4,4,3,3,4,3,4,4,4,4,3,3,3,2,3,3,3,4,4,5,5,4
233,2,1,2,4,5,5,5,5,5,4,5,3,3,4,3,4,4,4,4,4,5,4,5,3,3,3,3,4,4,4,4,5,5,4,5
234,2,1,2,4,5,5,4,5,5,4,4,4,3,3,4,4,4,4,4,4,4,4,4,4,3,4,4,5,4,4,5,4,5,4,5
235,2,1,2,4,5,5,4,5,4,5,5,3,4,3,4,3,4,4,3,4,4,3,4,4,5,4,5,4,5,4,4,4,4,4,4
236,2,1,2,4,4,4,5,4,5,5,4,4,4,4,5,4,3,4,4,3,3,4,2,3,5,4,4,4,4,4,4,4,4,5,5
237,2,1,2,4,5,5,4,4,4,3,4,5,5,4,5,4,3,3,4,4,4,4,4,4,4,3,4,5,3,3,4,4,4,4,4
238,2,1,2,3,4,4,4,4,4,4,4,4,4,4,4,3,4,3,3,4,5,4,4,3,3,3,3,4,4,4,4,4,4,4,5
239,2,1,2,4,3,3,4,4,4,4,4,4,4,4,4,3,3,3,3,3,3,3,4,4,5,5,5,4,3,4,4,4,4,4,4
240,2,1,2,3,4,3,3,4,3,4,4,3,3,3,3,4,3,3,4,3,3,4,4,3,4,3,2,4,4,3,5,4,4,4,4
241,2,1,2,3,4,4,4,4,4,4,4,4,3,4,4,3,4,3,4,4,4,4,5,4,4,3,3,4,5,4,4,4,4,4,4
242,2,1,2,4,5,5,5,4,4,5,5,5,5,4,4,3,3,4,3,4,4,4,3,3,4,3,4,4,4,4,3,4,4,4,4
243,2,1,2,3,4,2,3,4,4,4,4,4,4,3,3,4,4,4,4,3,2,3,2,4,3,4,3,3,3,3,3,3,3,3,3
244,2,1,2,5,4,4,3,3,4,3,3,4,4,4,5,4,4,5,4,4,4,4,4,4,4,4,5,4,3,3,2,4,3,3,4
245,2,1,2,4,3,4,4,5,5,4,5,4,4,3,4,4,5,3,4,4,3,4,3,4,4,3,3,3,3,3,2,3,4,3,4
246,2,1,2,5,5,5,4,4,5,4,4,4,5,4,3,4,4,3,4,3,4,4,5,4,4,3,4,4,3,3,2,5,4,4,4
247,2,1,2,4,4,4,3,4,4,4,5,4,3,3,4,3,4,4,4,3,4,3,4,4,4,5,5,4,3,4,4,3,4,4,4
248,2,1,2,5,5,4,5,4,5,5,4,4,4,5,4,4,4,3,4,5,5,5,4,4,4,4,4,4,4,3,3,4,4,5,4
249,2,1,2,5,5,4,4,5,5,5,5,3,3,4,3,3,3,3,3,2,3,2,2,5,4,4,5,3,5,4,4,4,4,4,5
250,2,1,2,4,4,4,4,4,4,4,4,4,5,5,5,3,4,4,4,3,4,4,3,4,4,3,3,3,3,3,3,4,3,3,5
251,2,1,2,3,3,3,4,5,4,4,4,4,4,5,4,4,4,3,4,3,4,3,3,4,4,4,4,4,4,4,3,4,4,4,4
252,2,1,2,5,5,5,5,4,3,4,4,4,4,4,3,4,3,4,4,3,3,3,3,4,3,4,4,5,4,3,4,4,4,4,4
253,2,1,2,4,4,4,5,4,4,4,4,4,4,4,4,4,4,4,3,5,5,4,4,3,3,3,4,3,3,4,4,5,4,4,4
254,2,1,2,4,3,4,3,4,4,4,5,4,2,3,3,4,4,4,4,4,4,4,3,4,3,4,5,4,4,3,5,3,3,2,3
255,2,1,2,4,3,4,4,5,4,4,3,3,4,3,3,4,4,5,3,5,5,4,4,4,4,4,4,3,3,3,3,3,4,4,3
256,2,1,2,4,4,4,4,5,5,4,5,5,4,4,5,3,4,4,4,3,4,4,3,4,4,4,4,4,4,3,4,4,3,4,4
257,2,1,2,5,5,4,4,5,4,4,5,3,3,3,3,4,3,3,4,4,3,3,4,4,3,4,3,5,5,5,5,4,4,4,4
258,2,1,2,4,5,5,4,4,3,4,3,4,3,4,3,4,4,4,4,3,4,4,3,4,4,5,4,3,4,4,4,3,4,5,4
259,2,1,2,4,3,4,4,3,4,3,4,3,3,3,4,4,3,3,3,4,3,4,4,3,3,3,4,4,4,4,4,3,4,4,4
260,2,1,2,3,4,3,3,4,5,5,5,2,3,4,4,3,4,2,3,4,4,3,3,4,4,3,4,5,5,5,4,3,3,3,3
261,2,1,2,4,4,5,4,4,3,4,4,4,4,4,4,4,4,4,4,2,2,3,3,3,3,4,4,4,4,4,4,4,4,3,4
262,2,1,2,4,4,4,5,5,5,4,4,4,4,4,4,4,4,3,3,2,4,3,3,3,3,4,3,4,4,4,4,4,4,4,4
263,2,1,2,4,4,4,4,5,4,5,4,4,3,3,2,4,4,4,4,5,4,4,4,3,3,4,4,4,3,4,4,4,4,4,4
264,2,1,2,5,4,5,5,3,3,3,4,4,3,4,4,4,4,4,4,3,3,3,3,4,4,5,4,3,3,3,3,4,4,4,4
265,2,1,2,4,4,4,4,3,3,5,3,3,3,3,4,4,4,4,4,4,4,4,4,4,4,4,3,3,3,3,3,4,4,4,4
266,2,1,2,3,5,4,5,4,3,4,3,4,4,4,4,5,4,4,5,3,3,3,4,3,4,3,3,3,3,3,4,3,4,4,3
267,2,1,2,4,4,4,4,5,5,5,5,4,4,5,4,4,4,5,5,3,3,4,3,3,3,3,4,3,3,3,4,4,3,3,4
268,2,1,2,3,3,3,3,4,4,4,4,4,5,4,4,3,4,3,4,4,4,4,4,4,4,4,4,4,5,5,4,4,4,4,4
269,2,1,2,4,5,4,5,4,4,5,5,4,3,4,4,4,3,3,2,3,4,4,3,4,4,4,4,4,4,3,4,4,4,3,4
270,2,1,2,4,4,3,4,4,4,4,4,4,5,4,4,5,4,4,4,3,2,3,3,4,3,4,3,5,5,4,4,4,5,4,4
271,2,1,2,4,5,4,4,5,5,5,5,4,3,4,3,5,4,4,4,2,3,2,3,3,4,4,3,4,4,5,4,4,4,4,3
272,2,1,2,4,4,4,3,4,4,4,3,5,5,4,5,3,3,4,4,3,3,4,3,5,5,4,4,5,5,5,5,4,3,4,4
273,2,1,2,5,4,5,5,4,5,4,4,4,3,4,3,4,3,4,4,3,2,2,3,2,2,3,3,4,4,4,4,5,5,4,4
274,2,1,2,4,4,5,5,4,4,5,5,3,4,4,3,5,5,5,5,3,4,4,3,5,4,4,5,4,4,4,4,5,5,5,5
275,2,1,2,5,4,4,4,5,5,5,5,3,3,4,3,4,5,4,4,4,3,4,3,4,3,4,4,4,3,5,4,5,4,5,5
276,2,1,2,5,5,5,5,5,5,4,5,4,4,4,5,3,3,3,3,4,4,3,4,3,3,3,3,4,3,5,4,4,4,4,4
277,2,1,2,3,4,3,4,5,5,5,4,4,5,4,4,5,5,4,5,3,4,3,3,3,3,3,3,4,5,4,4,5,4,5,4
278,2,1,2,4,5,5,4,4,4,4,4,5,4,4,4,5,5,4,5,3,4,3,3,2,2,3,3,3,4,4,4,4,5,5,5
279,2,1,2,5,4,4,5,4,4,5,4,3,4,4,4,3,3,3,3,3,3,4,3,3,3,3,4,4,3,4,4,5,4,5,5
280,2,1,2,2,3,4,3,5,5,4,5,4,3,3,3,5,4,5,4,4,4,4,4,2,3,4,3,4,4,4,4,4,4,3,4
281,2,1,2,4,3,3,3,4,3,5,4,3,3,2,3,4,3,4,3,4,4,3,4,4,4,5,4,4,4,4,4,4,4,4,4
282,2,1,2,4,3,3,4,5,5,5,5,4,4,4,4,4,3,3,3,3,3,3,4,4,5,4,4,3,4,4,3,3,4,3,4
283,2,1,2,4,3,4,4,4,4,3,5,5,5,5,5,3,3,3,3,3,2,4,3,4,4,4,4,4,4,3,3,5,4,4,4
284,2,1,2,4,4,4,3,4,4,3,3,4,4,4,3,3,3,3,3,4,4,3,4,3,3,3,3,4,4,4,4,5,5,4,4
285,2,1,2,4,5,5,3,4,4,4,4,3,4,3,4,4,4,4,4,3,4,4,3,4,3,4,5,4,5,4,4,4,4,4,4
286,2,1,2,3,4,4,4,5,5,5,5,4,4,4,5,3,4,4,4,4,5,4,4,4,3,4,4,4,3,4,4,4,3,4,5
287,2,1,2,4,4,5,5,4,3,3,3,5,4,4,4,3,3,3,3,4,4,4,4,3,4,4,4,4,4,4,5,4,4,4,4
288,2,1,2,5,5,5,5,4,4,4,4,4,4,4,4,3,4,3,3,5,4,4,4,4,4,4,4,4,3,4,4,5,4,4,5
289,2,1,2,4,4,4,4,4,5,5,4,4,5,4,4,4,3,4,5,4,4,4,4,4,3,4,3,3,5,3,4,5,4,5,4
290,2,1,2,4,4,4,4,5,5,5,5,4,5,4,5,4,4,4,4,3,3,3,4,3,3,4,4,4,4,3,4,5,4,5,4
291,2,1,2,3,4,3,3,4,3,4,4,4,3,4,4,3,3,3,3,3,3,4,3,4,4,3,4,5,5,4,4,4,3,4,4
292,2,1,2,5,5,5,4,4,4,3,3,4,4,4,4,3,3,3,4,4,5,5,4,4,4,4,4,4,3,4,3,4,3,4,3
293,2,1,2,5,4,5,5,4,4,4,4,3,4,3,3,3,4,3,3,4,3,3,3,4,4,3,4,5,5,5,5,3,4,4,4
294,2,1,2,5,5,5,5,5,5,5,5,3,3,3,3,4,3,4,4,3,3,3,3,3,3,3,3,3,3,3,3,4,4,4,5
295,2,1,2,4,4,3,3,4,3,4,3,4,4,4,4,4,5,5,4,3,3,3,3,4,4,5,5,3,3,3,3,4,4,4,4
296,2,1,2,5,5,5,5,4,5,5,4,3,2,3,2,4,4,4,4,5,4,4,4,3,3,3,4,4,5,5,4,4,4,4,4
297,2,1,2,3,3,4,4,4,4,4,5,4,4,4,4,4,3,4,4,3,4,3,4,4,4,5,5,4,5,5,5,3,5,4,4
298,2,1,2,4,5,5,4,5,5,5,4,5,4,4,4,3,3,3,3,3,3,3,2,5,4,4,5,4,2,3,3,3,4,4,3
299,2,1,2,4,4,3,4,4,5,4,4,4,4,4,4,4,4,4,4,3,4,3,4,4,4,4,3,4,4,4,4,4,4,3,4
300,2,1,2,5,4,4,4,4,4,4,4,5,4,4,4,3,4,3,4,4,4,3,4,3,3,4,4,4,4,3,4,4,4,5,4
301,2,1,2,5,4,5,4,3,4,3,3,3,4,4,3,4,4,4,4,3,3,4,3,5,4,4,4,4,4,4,4,3,3,3,4
302,2,1,2,4,5,5,4,4,4,4,4,4,5,4,4,4,4,4,4,3,3,4,3,3,3,3,3,4,5,5,5,3,4,4,4
303,2,1,2,3,4,4,4,4,4,4,5,4,4,4,4,2,3,3,4,3,3,3,4,5,4,5,5,5,5,5,5,3,4,4,4
304,2,1,2,3,4,4,4,5,4,4,4,3,4,4,4,4,3,3,4,4,4,4,4,4,4,5,4,4,5,4,4,3,3,3,3
305,2,1,2,3,4,3,5,5,4,4,3,3,3,3,3,5,4,5,5,4,4,3,3,5,5,5,5,3,2,2,3,3,3,4,4
306,2,1,2,3,3,3,3,4,5,4,5,3,3,4,4,4,3,3,3,4,4,4,4,4,5,5,4,5,4,5,4,4,4,3,4
307,2,1,2,4,5,5,4,5,4,5,4,3,3,2,3,2,3,3,3,3,3,3,2,4,3,4,4,4,3,4,4,4,4,3,4
308,2,1,2,4,4,3,4,5,4,4,5,4,5,5,5,4,5,4,4,3,4,3,3,4,3,3,3,4,4,4,3,4,4,4,3
309,2,1,2,5,4,4,4,4,5,4,5,3,4,5,4,3,4,4,4,5,4,5,4,3,4,4,3,4,4,4,5,5,5,5,4
310,2,1,2,4,5,4,4,4,5,5,4,3,4,4,4,3,2,4,3,4,3,4,4,3,4,4,4,3,3,4,4,4,4,4,4
311,2,1,2,5,4,4,5,5,4,4,5,3,3,3,3,5,5,5,5,3,5,4,4,3,3,3,4,2,3,2,3,4,4,5,4
312,2,1,2,4,4,4,4,5,4,4,5,4,4,3,3,4,4,5,4,4,4,4,3,3,3,4,3,3,3,4,3,4,4,4,3
313,2,1,2,4,5,4,4,4,4,4,4,4,4,4,4,4,4,3,4,4,3,4,3,4,3,4,4,4,3,4,4,4,5,4,4
314,2,1,2,4,4,4,4,4,5,5,4,3,4,3,3,4,4,4,4,4,5,5,4,4,4,4,5,4,2,3,3,4,4,4,4
315,2,1,2,3,4,4,4,3,4,4,5,4,4,4,3,3,4,3,4,2,3,3,3,5,4,4,4,3,4,4,4,4,4,3,3
316,2,1,2,4,4,4,4,5,5,5,5,4,4,5,4,2,2,2,2,3,4,4,3,4,3,4,3,4,3,4,3,4,3,4,4
317,2,1,2,4,5,4,4,5,5,5,5,4,4,4,4,4,4,5,4,3,3,3,4,4,5,4,5,5,4,4,5,5,5,5,5
318,2,1,2,3,4,3,4,5,5,4,4,4,3,4,4,4,4,4,4,4,4,4,3,3,3,4,4,5,4,4,3,3,4,4,3
319,2,1,2,5,5,5,5,5,4,5,4,4,4,4,5,5,5,5,5,3,3,4,3,4,2,3,3,5,5,4,4,4,4,5,4
320,2,1,2,4,4,3,3,3,4,3,3,4,3,4,4,4,4,3,3,3,3,3,3,3,3,3,3,4,3,3,3,2,3,3,3
321,2,1,2,4,5,4,4,4,5,5,4,3,4,3,4,3,4,4,3,4,4,3,4,3,3,3,3,4,4,3,4,3,3,4,4
322,2,1,2,5,5,5,5,5,5,5,5,3,4,4,4,4,4,4,5,3,4,4,4,3,2,3,3,4,4,4,4,5,4,4,4
323,2,1,2,4,4,4,4,4,4,4,4,4,4,4,3,3,3,4,3,3,3,3,3,4,4,4,3,4,4,4,4,5,4,4,4
324,2,1,2,4,3,4,4,4,4,4,4,4,4,4,4,4,3,4,3,4,5,5,4,5,4,4,3,3,4,3,3,3,4,4,3
325,2,1,2,4,4,4,4,4,5,3,4,4,4,4,5,4,4,5,4,4,4,4,3,4,3,3,3,2,3,3,3,3,3,3,3
326,2,1,2,4,5,5,4,4,4,4,3,5,5,5,5,4,5,4,4,4,3,4,3,3,3,3,3,3,4,3,4,5,5,4,5
327,2,1,2,3,4,4,4,4,4,4,4,5,5,4,5,4,4,4,5,3,4,4,4,3,3,3,3,5,4,5,5,4,4,4,4
328,2,1,2,5,5,5,4,4,5,4,3,5,4,4,4,3,4,4,3,4,4,4,4,3,4,3,4,3,4,4,4,5,3,4,3
329,2,1,2,4,4,4,4,3,4,3,4,3,4,4,4,4,4,4,4,4,4,3,4,4,4,4,3,5,4,5,4,4,3,4,5
330,2,1,2,5,4,4,5,4,5,5,4,4,4,4,4,4,3,3,3,4,4,4,4,4,3,3,4,5,4,5,5,3,4,3,4
331,2,1,2,5,4,4,5,4,4,4,4,3,2,3,3,4,4,4,4,3,3,4,3,3,4,3,3,3,4,2,4,3,4,3,4
332,2,1,2,4,4,4,3,4,3,5,4,5,5,4,5,3,3,4,3,3,3,3,4,5,4,4,4,4,4,4,4,4,3,4,4
333,2,1,2,5,4,5,5,3,4,4,4,3,4,3,3,4,3,3,4,3,2,3,3,3,3,3,3,3,4,3,3,4,4,4,4
334,2,1,2,5,4,5,4,3,4,3,3,3,4,4,4,4,4,4,4,4,3,3,3,2,3,3,4,4,4,4,3,3,3,5,4
335,2,1,2,3,4,4,2,4,5,5,5,4,4,4,4,4,4,4,4,4,5,4,4,3,3,4,4,3,4,3,3,5,4,4,4
336,2,1,2,3,4,3,3,5,5,5,4,3,3,3,3,4,4,3,4,3,3,2,3,3,3,4,3,4,4,4,4,4,3,3,4
337,2,1,2,4,5,5,4,3,4,4,4,5,5,5,5,4,3,3,3,3,3,4,3,4,4,3,3,4,4,3,4,4,5,4,4
338,2,1,2,3,4,3,4,4,3,3,4,5,5,4,4,3,4,4,4,5,4,4,4,3,3,4,3,4,5,4,4,4,4,4,4
339,2,1,2,4,4,4,5,4,4,4,4,4,5,5,4,3,3,3,3,3,4,4,4,4,5,4,4,5,5,4,4,4,4,4,4
340,2,1,2,5,5,5,5,4,3,3,4,4,3,4,3,5,5,5,5,3,4,4,4,4,3,4,3,3,3,4,3,4,4,4,4
341,2,1,2,5,5,4,4,5,4,4,4,4,3,3,4,4,5,4,5,4,3,3,3,3,3,4,4,3,4,2,3,4,4,4,4
342,2,1,2,4,4,5,4,4,4,5,5,4,5,5,5,4,5,4,3,3,3,4,3,5,4,3,4,4,2,4,3,4,4,5,5
343,2,1,2,4,4,4,4,4,5,5,4,4,4,4,4,4,4,3,4,3,3,3,3,3,3,3,3,4,5,5,4,3,3,4,3
344,2,1,2,5,5,5,5,5,5,5,5,4,5,4,3,4,3,3,3,4,5,4,4,4,3,3,4,5,5,4,4,5,5,4,4
345,2,1,2,5,5,5,4,4,4,4,5,4,4,4,4,4,4,3,4,4,4,4,3,4,4,4,3,4,5,4,4,4,4,4,3
346,2,1,2,4,4,4,5,3,3,3,4,4,5,4,5,4,3,4,3,4,5,5,4,3,3,4,4,3,4,3,3,4,4,4,4
347,2,1,2,5,5,5,5,4,3,3,4,4,4,4,4,4,3,3,4,5,5,5,5,4,4,4,4,3,2,4,4,3,4,4,4
348,2,1,2,4,3,4,4,4,5,4,5,3,4,4,3,4,4,4,5,4,3,3,4,3,3,2,3,4,2,3,4,3,4,5,4
349,2,1,2,4,4,4,3,4,3,4,4,4,4,4,4,4,4,5,4,3,3,3,4,4,3,4,3,4,3,2,3,3,3,3,4
350,2,1,2,4,4,5,5,3,4,4,4,3,3,2,4,4,5,4,4,5,4,5,5,4,4,4,3,3,4,5,4,4,4,5,4
351,2,1,2,4,4,4,5,4,5,5,5,4,2,4,3,5,4,4,4,3,3,3,3,3,4,4,4,3,4,4,4,3,4,4,3
352,2,1,2,3,3,3,4,4,4,4,3,4,5,5,4,4,4,4,5,3,4,3,3,3,4,3,3,4,4,4,4,4,4,4,4
353,2,1,2,3,5,5,5,4,4,4,4,4,3,4,4,3,3,3,3,2,2,3,3,4,3,4,4,4,4,4,4,4,4,5,4
354,2,1,2,4,4,5,4,4,4,5,5,4,4,4,4,4,4,4,5,2,3,2,3,3,3,4,4,5,4,5,5,4,4,4,4
355,2,1,2,4,4,4,4,4,4,5,4,3,3,3,3,4,3,3,4,4,3,4,4,4,3,3,3,5,4,5,5,4,5,5,5
356,2,1,2,3,4,3,3,5,5,5,5,4,4,3,4,3,3,3,4,3,2,4,3,4,4,4,3,4,3,4,5,4,4,4,4
357,2,1,2,5,4,4,4,5,5,5,4,5,5,4,4,5,5,4,5,3,4,4,4,4,4,4,4,4,5,4,4,4,5,4,4
358,2,1,2,4,4,3,3,5,5,5,5,5,5,4,5,4,5,4,5,3,3,2,2,3,3,4,4,3,2,3,3,4,5,5,4
359,2,1,2,4,5,4,5,4,3,4,4,4,4,4,4,3,3,3,3,4,4,3,4,5,5,4,4,4,4,4,4,4,4,4,4
360,2,1,2,5,5,5,5,5,5,5,4,4,4,3,4,5,4,5,4,4,4,4,3,4,3,4,3,5,5,5,5,4,4,5,4
361,2,1,2,5,4,5,4,5,5,4,4,5,4,4,4,4,4,4,4,4,4,3,4,5,4,4,4,3,3,3,3,5,5,4,5
362,2,1,2,5,4,5,5,5,5,5,5,4,4,4,4,4,4,4,4,3,4,4,3,3,3,4,3,5,4,4,4,4,5,4,4
363,2,1,2,4,4,3,3,3,4,3,3,5,5,3,4,5,5,5,5,4,4,4,4,4,4,3,3,4,4,4,5,4,4,3,4
364,2,1,2,3,2,4,3,5,5,5,5,5,4,4,5,4,5,4,4,4,3,3,4,4,5,4,4,2,3,3,2,4,4,4,4
365,2,1,2,5,4,5,5,4,4,5,4,5,4,4,4,3,4,4,3,2,3,4,3,4,4,3,4,4,4,4,4,4,4,4,4
366,2,1,2,4,3,4,4,4,5,4,5,3,4,3,3,4,4,4,4,4,3,3,3,4,3,4,4,4,4,3,5,4,5,4,4
367,2,1,2,4,5,4,5,4,3,3,3,4,4,3,4,3,3,3,4,4,3,3,4,4,4,3,4,4,4,3,4,4,4,3,4
368,2,1,2,5,5,5,5,5,4,5,5,3,4,4,4,4,5,5,4,3,2,3,4,5,5,4,4,4,3,4,4,5,4,4,4
369,2,1,2,4,4,4,4,4,3,4,4,5,4,4,4,2,3,3,3,4,4,4,3,4,5,5,5,3,3,4,3,3,4,4,4
370,2,1,2,4,5,4,5,4,4,5,4,4,4,5,5,4,5,4,5,3,4,2,3,4,5,4,4,3,5,4,3,4,5,4,5
371,2,1,2,3,2,3,3,4,4,4,4,4,4,3,4,4,4,4,5,4,5,5,5,4,3,4,4,4,4,4,4,4,3,4,3
372,2,1,2,4,5,5,5,5,5,5,5,5,4,4,5,3,3,4,3,2,3,3,2,4,4,4,4,4,4,3,4,5,4,4,4
373,2,1,2,5,5,5,4,4,4,4,4,4,4,4,4,5,4,4,4,4,4,3,4,5,5,4,5,3,4,4,4,4,4,4,4
374,2,1,2,4,4,3,5,5,5,5,5,3,3,2,3,3,3,4,3,4,4,4,4,3,3,3,3,4,5,3,4,4,4,4,4
375,2,1,2,4,4,4,4,5,5,5,4,4,4,4,4,4,4,5,4,3,3,4,3,4,4,5,5,4,4,4,4,5,4,4,4
376,2,1,2,4,4,4,4,4,5,4,4,5,4,5,4,4,4,4,4,3,3,3,3,4,5,4,4,4,3,3,3,4,4,4,4
377,2,1,2,4,4,3,3,4,3,3,3,4,4,4,4,5,4,5,5,4,4,4,4,3,3,3,2,3,3,3,3,4,4,4,4
378,2,1,2,4,4,4,3,5,5,5,4,5,4,4,4,4,4,4,3,3,3,4,3,3,3,4,3,4,3,3,3,3,4,4,4
379,2,1,2,4,4,4,3,4,5,4,4,4,5,4,4,3,3,4,3,3,3,4,3,4,3,4,4,4,4,4,4,4,4,4,4
380,2,1,2,4,5,4,4,4,5,5,4,5,4,5,5,4,3,3,3,4,5,4,3,3,3,3,3,4,4,5,4,5,5,5,5
381,2,1,2,4,4,4,4,5,4,5,5,4,3,4,4,4,4,4,4,4,4,4,4,3,3,3,3,4,4,4,4,4,4,4,5
382,2,1,2,4,4,4,3,5,4,4,4,4,5,4,5,3,3,3,3,4,4,4,3,4,3,3,3,3,5,4,3,4,4,4,3
383,2,1,2,4,4,3,4,4,4,3,3,4,4,3,3,5,4,4,5,3,3,3,3,4,4,3,4,3,5,4,4,3,3,4,4
384,2,1,2,4,4,4,5,4,4,4,4,5,5,5,5,3,3,3,4,4,4,4,4,4,4,4,4,5,4,5,5,5,4,5,4
385,2,1,2,4,3,4,4,5,5,4,4,3,3,3,3,4,4,4,4,3,2,3,3,4,3,5,5,3,4,4,4,4,4,4,4
386,2,1,2,4,4,3,5,5,4,4,4,5,5,5,5,4,5,3,4,4,5,5,4,3,3,4,3,3,4,3,3,4,4,4,4
387,2,1,2,4,4,4,4,5,5,5,4,4,5,5,4,4,4,4,3,2,3,3,3,4,3,4,4,4,3,4,4,4,4,4,4
388,2,1,2,4,3,4,4,5,5,5,5,4,4,4,4,3,3,3,3,3,4,3,3,5,4,4,4,5,4,4,4,4,4,5,4
389,2,1,2,3,3,4,3,5,4,3,4,3,3,4,4,4,3,4,3,4,4,4,4,4,3,4,4,3,3,2,2,3,3,3,3
390,2,1,2,3,3,4,4,4,3,4,4,4,4,5,4,4,4,3,4,4,4,4,4,4,4,4,3,4,4,3,3,3,3,4,4
391,2,1,2,4,4,4,4,4,4,5,5,4,4,3,4,4,4,4,3,3,3,3,4,4,3,4,4,3,3,2,3,4,4,4,5
392,2,1,2,3,3,4,4,5,3,4,4,4,3,5,3,4,4,4,4,3,3,4,4,3,4,3,3,3,4,4,3,4,4,4,5
393,2,1,2,4,5,4,3,3,4,3,3,5,4,3,5,3,3,3,3,2,4,3,4,4,5,4,4,4,4,4,4,3,3,4,3
394,2,1,2,4,4,3,4,5,5,5,5,3,4,3,4,4,3,3,4,4,3,3,3,4,4,4,5,3,4,4,4,5,4,3,5
395,2,1,2,4,4,4,4,3,4,3,4,4,4,4,4,4,4,5,4,3,2,3,3,4,5,5,4,5,5,4,5,4,4,4,4
396,2,1,2,5,5,5,4,4,4,3,4,3,4,4,4,4,4,4,4,3,3,3,2,4,5,4,4,3,3,3,4,4,4,4,5
397,2,1,2,4,4,4,4,5,5,5,5,4,4,4,4,3,3,4,3,4,4,4,4,5,4,4,5,4,4,3,3,4,4,4,3
398,2,1,2,4,4,4,3,4,5,5,5,4,3,5,4,3,3,3,4,3,4,3,3,4,3,4,4,3,4,4,4,5,5,5,5
399,2,1,2,5,4,4,4,5,4,4,5,4,5,4,5,3,3,3,4,3,4,4,4,3,3,3,3,3,4,4,4,4,4,4,4
400,2,1,3,4,4,5,4,4,4,4,4,2,2,1,3,3,3,3,4,3,4,5,3,4,3,5,4,4,4,5,3,3,3,3,3
401,2,1,3,4,5,5,4,5,4,5,4,3,3,3,3,3,3,3,4,3,3,3,3,4,4,5,4,4,5,5,5,4,4,4,4
402,2,1,3,4,4,4,4,4,4,3,4,5,3,4,4,4,4,3,3,3,3,3,4,3,4,3,4,4,4,5,3,3,4,4,3
403,2,1,3,4,3,4,3,4,5,4,4,5,5,4,5,3,3,3,4,4,4,4,4,3,3,4,3,3,4,3,2,3,3,3,3
404,2,1,3,3,4,3,4,4,4,4,5,4,4,4,3,3,3,3,3,5,5,4,5,4,4,4,4,4,3,5,5,5,4,4,4
405,2,1,3,4,4,4,4,4,4,4,4,4,5,5,4,4,4,4,3,4,4,4,4,4,3,4,4,3,3,3,3,4,4,4,3
406,2,1,3,4,4,4,4,5,5,4,5,3,3,4,3,4,3,4,3,4,4,3,4,3,3,4,4,4,3,4,3,4,4,4,4
407,2,1,3,4,4,4,5,3,4,4,4,4,3,4,3,3,3,2,3,3,3,4,4,4,4,3,3,5,4,4,4,4,4,4,4
408,2,1,3,3,4,3,4,5,5,4,5,4,5,5,5,4,5,4,4,3,3,4,4,4,4,4,3,5,4,4,5,5,4,5,5
409,2,1,3,5,4,5,4,5,4,4,4,3,3,4,4,3,4,3,3,4,4,4,4,4,3,3,3,4,4,4,4,4,4,3,4
410,2,1,3,4,5,4,4,3,3,4,3,4,4,3,4,3,3,3,3,4,4,5,4,3,4,3,3,4,4,3,4,4,3,3,4
411,2,1,3,5,5,4,4,5,4,5,5,4,4,4,4,5,5,5,4,4,3,3,3,3,3,4,4,4,3,3,4,5,5,5,5
412,2,1,3,3,3,3,4,4,4,4,4,2,3,3,3,3,3,4,3,3,4,4,4,3,3,3,2,5,5,5,5,3,3,3,2
413,2,1,3,4,3,4,3,4,4,4,4,5,5,5,5,4,3,3,4,4,4,3,4,3,4,4,4,4,4,4,4,4,4,4,4
414,2,1,3,4,4,4,4,4,4,4,3,5,4,5,4,4,4,5,4,3,4,3,4,3,3,4,3,3,4,3,4,3,4,4,4
415,2,1,3,3,4,4,4,3,4,4,4,4,4,4,4,4,4,5,4,4,3,4,3,5,4,5,5,4,4,4,4,4,4,4,4
416,2,1,3,5,4,3,4,3,4,3,3,4,3,4,4,3,4,4,3,4,4,3,4,4,4,4,3,5,5,5,5,4,4,4,4
417,2,1,3,3,3,3,3,4,4,4,5,4,4,4,5,4,4,4,4,4,3,3,3,4,3,4,4,5,5,5,4,4,4,5,5
418,2,1,3,3,4,3,2,5,4,4,4,5,4,4,4,4,4,4,4,2,3,3,2,3,3,4,3,4,4,5,5,4,3,4,4
419,2,1,3,5,4,4,5,4,4,5,5,3,4,4,4,3,4,3,4,4,3,4,3,4,4,4,4,4,3,4,3,4,4,4,3
420,2,1,3,4,4,4,4,4,4,3,3,5,5,5,5,4,4,4,4,4,4,4,4,4,4,4,4,4,3,4,4,4,4,4,5
421,2,1,3,5,4,4,5,4,4,5,5,4,4,4,4,3,4,4,4,3,4,3,3,2,2,3,2,4,4,3,4,3,3,4,4
422,2,1,3,4,4,5,4,4,4,5,4,3,3,4,3,4,4,4,4,3,4,3,3,4,4,4,4,4,3,4,3,4,4,4,4
423,2,1,3,4,4,4,4,4,5,5,5,4,4,4,4,3,4,3,3,3,3,3,3,5,4,4,5,5,4,5,5,5,4,3,4
424,2,1,3,5,5,5,4,4,4,4,4,4,4,4,4,3,4,3,4,4,4,4,3,4,3,3,4,3,3,4,4,4,4,5,4
425,2,1,3,5,5,4,5,4,4,4,5,4,4,4,4,4,4,5,3,5,5,5,4,3,4,4,4,4,5,3,4,4,4,4,4
426,2,1,3,3,4,3,4,3,4,4,5,4,4,4,4,4,5,4,4,4,4,5,5,3,4,4,3,3,3,3,4,4,4,4,4
427,2,1,3,5,4,5,5,5,5,3,4,5,5,4,5,4,5,5,4,3,2,3,3,3,3,2,3,4,4,4,4,5,5,4,5
428,2,1,3,4,3,3,3,5,5,5,5,3,4,3,3,4,4,4,4,4,4,3,3,4,4,4,4,3,4,4,5,4,4,4,4
429,2,1,3,4,5,4,4,3,3,3,3,3,3,3,3,4,4,4,5,3,3,4,4,4,5,4,4,3,4,4,5,4,4,4,4
430,2,1,3,4,4,4,4,3,4,4,4,4,4,4,5,4,4,4,4,4,3,4,3,4,3,3,4,3,4,3,4,4,4,4,4
431,2,1,3,4,4,4,4,5,5,5,5,4,4,3,3,5,4,5,5,3,3,3,3,4,4,4,4,4,5,4,4,4,5,5,4
432,2,1,3,5,5,4,4,4,3,4,4,4,3,4,4,3,4,3,3,3,4,4,3,4,4,4,4,3,3,3,4,3,4,3,4
433,2,1,3,4,3,4,4,4,5,4,4,4,5,5,5,3,3,4,4,3,3,3,3,3,4,3,3,5,5,5,4,4,4,5,4
434,2,1,3,4,4,3,3,5,5,4,5,3,4,4,4,4,3,4,4,4,4,4,4,4,3,3,4,4,4,4,4,4,4,4,4
435,2,1,3,5,4,4,5,5,4,4,5,5,5,5,5,5,5,4,4,4,4,4,4,4,4,5,4,3,3,3,3,4,4,5,5
436,2,1,3,4,5,4,4,4,4,4,4,5,4,4,4,4,4,5,4,3,3,4,5,3,3,3,3,5,3,4,4,4,4,4,5
437,2,1,3,5,4,4,4,4,5,4,5,3,3,4,4,4,4,4,4,4,4,4,3,3,4,4,3,4,2,3,4,5,4,4,5
438,2,1,3,5,4,4,4,4,4,4,3,4,4,5,4,4,4,4,4,4,5,4,5,4,4,3,3,5,4,5,5,4,4,3,4
439,2,1,3,4,4,4,4,5,4,5,5,5,5,5,4,5,5,4,4,5,5,5,4,3,3,4,4,4,4,4,3,4,4,4,4
440,2,1,3,4,4,4,5,4,4,3,3,4,4,3,4,4,5,4,5,4,5,4,4,4,3,3,4,4,4,4,4,4,4,4,3
441,2,1,3,3,2,3,3,4,4,4,4,5,4,5,5,4,4,4,4,4,4,4,4,3,3,3,3,4,3,4,4,4,4,4,4
442,2,1,3,3,3,4,4,4,3,4,4,4,4,4,4,3,4,4,4,4,4,3,4,4,4,3,4,3,3,4,3,3,3,3,3
443,2,1,3,4,5,4,4,5,4,4,5,5,5,5,5,4,5,5,4,3,3,3,3,4,3,3,4,5,5,4,5,4,5,5,4
444,2,1,3,3,4,4,4,4,4,5,4,4,4,4,4,4,4,4,4,4,5,4,5,4,3,3,3,4,4,4,3,4,5,4,4
445,2,1,3,3,3,3,3,5,5,5,5,3,4,4,4,2,3,4,3,3,3,3,2,3,3,2,3,4,4,4,4,3,3,4,3
446,2,1,3,3,3,3,4,4,5,4,4,3,3,3,3,3,4,4,3,4,4,5,4,4,4,4,4,3,4,3,2,3,3,3,3
447,2,1,3,4,4,4,4,5,4,5,5,3,3,3,4,3,3,4,4,4,4,3,3,4,4,4,4,4,4,4,4,4,4,4,4
448,2,1,3,4,4,4,4,5,4,5,5,4,5,5,4,3,4,4,4,3,3,3,3,3,4,3,4,3,3,4,4,4,4,4,4
449,2,1,3,4,4,4,5,4,3,3,4,5,4,5,5,4,4,3,4,3,4,4,4,5,4,4,4,3,3,3,3,3,4,3,4
450,2,1,3,4,4,5,4,4,4,4,3,4,4,4,4,5,4,4,3,3,4,4,3,4,4,4,4,4,5,4,4,4,4,4,3
451,2,1,3,5,5,3,5,5,5,5,4,5,4,4,4,4,4,4,5,4,3,3,3,3,4,4,4,4,4,4,4,4,4,4,5
452,2,1,3,4,5,5,4,3,4,3,4,4,4,4,4,4,4,3,4,3,3,4,3,2,3,4,4,4,3,4,3,3,3,4,3
453,2,1,3,5,4,3,3,5,5,5,4,4,4,3,4,5,5,4,4,3,4,4,4,4,4,3,4,4,3,4,4,3,4,4,4
454,2,1,3,3,4,3,4,4,5,5,5,4,4,4,4,3,3,3,3,5,3,4,4,4,4,4,3,4,3,4,4,4,4,4,4
455,2,1,3,5,5,4,5,4,4,4,4,5,5,5,5,3,2,2,2,3,3,2,3,3,4,4,4,4,4,4,5,4,4,4,5
456,2,1,3,3,4,3,4,4,3,4,3,3,4,4,4,4,5,4,4,2,2,2,2,3,3,3,3,4,4,4,3,3,4,4,4
457,2,1,3,5,4,4,5,4,5,5,4,4,4,5,4,4,4,3,3,4,4,4,4,4,3,4,3,5,5,5,5,4,4,4,5
458,2,1,3,4,4,4,4,5,4,5,5,4,4,4,4,4,3,4,4,3,3,3,3,3,3,1,3,4,4,4,4,5,4,4,4
459,2,1,3,4,4,4,4,4,4,4,4,5,5,4,5,4,4,4,4,3,2,2,1,4,4,3,4,3,3,3,3,4,4,4,4
460,2,1,3,4,3,4,4,5,5,4,4,2,3,3,1,3,3,3,4,4,4,5,4,3,4,3,3,4,3,3,3,3,4,4,3
461,2,1,3,5,5,5,5,5,5,4,5,4,5,4,5,3,4,4,4,4,4,3,3,4,4,4,4,3,4,4,3,4,4,4,4
462,2,1,3,4,4,4,4,5,5,5,5,4,4,4,4,4,5,5,5,4,4,4,4,3,3,4,3,4,3,3,3,5,4,4,5
463,2,1,3,4,4,5,4,4,4,4,5,4,5,4,5,3,3,3,3,4,4,4,4,4,5,5,4,4,3,4,4,4,4,4,4
464,2,1,3,4,4,4,4,4,5,5,5,4,4,4,4,3,4,3,4,4,4,4,4,3,3,4,3,4,3,3,3,4,4,4,4
465,2,1,3,5,4,4,4,5,5,4,5,4,4,4,4,3,3,3,3,3,3,3,4,4,3,3,3,3,3,3,3,4,3,4,4
466,2,1,3,5,5,5,4,5,5,5,5,4,5,5,3,4,4,3,4,4,5,4,4,4,4,4,4,3,3,4,3,4,4,4,4
467,2,1,3,4,5,4,5,5,5,5,5,4,4,5,4,4,4,4,4,3,3,4,4,4,5,5,4,3,3,4,4,4,4,4,5
468,2,1,3,4,3,4,4,4,5,4,5,5,4,4,4,3,3,3,4,4,4,4,4,4,4,4,4,4,4,4,4,4,5,4,4
469,2,1,3,4,4,5,4,5,5,4,4,4,4,3,4,3,3,3,3,4,3,4,3,4,3,3,3,4,4,4,4,4,4,4,4
470,2,1,3,4,4,4,5,4,3,4,4,3,4,3,4,4,4,4,4,3,2,3,4,3,3,4,4,5,4,4,5,4,4,4,4
471,2,1,3,4,4,4,4,4,5,5,5,5,4,4,4,4,4,5,4,4,4,4,4,5,5,4,4,4,4,4,4,5,4,4,4
472,2,1,3,5,4,4,4,4,4,4,4,4,3,5,4,4,4,3,4,4,5,4,5,3,3,3,3,4,3,3,4,4,4,4,4
473,2,1,3,5,5,5,5,4,4,5,5,5,5,4,5,4,4,4,4,4,3,3,3,5,4,4,3,3,3,3,4,5,5,5,4
474,2,1,3,4,4,4,4,4,3,3,3,3,3,3,3,4,4,4,3,3,2,3,3,4,4,3,4,3,4,4,4,3,3,4,3
475,2,1,3,5,4,5,4,4,4,3,4,4,5,4,4,4,4,3,3,3,3,3,3,4,4,4,4,4,4,4,4,4,5,3,4
476,2,1,3,4,4,4,5,4,4,4,4,4,4,4,3,4,4,4,4,4,3,4,4,3,4,4,3,3,3,3,3,4,3,4,4
477,2,1,3,3,4,4,4,4,4,4,4,3,4,4,4,4,4,4,4,4,3,4,3,3,4,3,3,4,4,4,4,5,4,4,5
478,2,1,3,5,5,5,5,4,5,4,4,4,4,4,5,3,2,2,2,3,5,5,5,4,4,4,5,3,4,4,4,4,5,5,5
479,2,1,3,4,4,4,4,4,3,4,4,4,4,3,4,3,4,4,4,3,4,3,3,3,4,3,2,5,5,4,4,4,3,4,4
480,3,1,3,4,4,4,4,3,4,3,4,4,4,4,4,5,4,4,5,4,4,4,3,3,3,4,3,4,3,4,4,4,4,4,4
481,3,1,3,4,4,4,3,5,5,5,5,4,4,4,4,3,4,4,3,4,4,5,3,3,4,4,3,5,5,4,4,4,4,4,4
482,3,1,3,5,4,5,4,4,4,4,5,3,4,4,4,5,5,5,5,4,4,3,4,5,4,4,4,4,3,4,4,5,4,4,5
483,3,1,3,3,4,4,4,5,5,4,5,4,4,4,4,4,4,4,4,5,5,4,4,3,4,4,3,4,3,3,4,4,4,4,4
484,3,1,3,4,4,4,4,4,4,4,4,4,5,4,4,3,3,3,3,3,3,3,4,3,3,3,3,3,3,4,3,4,4,4,4
485,3,1,3,5,4,5,5,4,3,4,4,4,5,4,4,4,3,4,4,4,3,3,3,4,4,4,4,4,4,4,4,4,4,3,3
486,3,1,3,4,4,5,3,4,4,4,4,4,4,4,3,3,3,3,3,4,4,4,3,3,3,3,3,4,4,4,4,4,4,4,4
